Round,Accuracy
1,0.94675
2,0.95925
3,0.9665
4,0.97225
